I,2.0,8.0,3.0,6.0,2.0,6.0,8.0,0.0,6.0,13.0,7.0,7.0,0.0,8.0,1.0,7.0
I,4.0,8.0,5.0,6.0,3.0,9.0,8.0,2.0,8.0,7.0,6.0,5.0,0.0,8.0,4.0,7.0
Z,2.0,5.0,3.0,4.0,2.0,7.0,8.0,5.0,9.0,6.0,6.0,9.0,2.0,9.0,7.0,8.0
Z,2.0,4.0,4.0,3.0,2.0,7.0,8.0,2.0,9.0,11.0,6.0,8.0,1.0,9.0,5.0,8.0
I,2.0,10.0,2.0,7.0,2.0,7.0,7.0,0.0,8.0,7.0,6.0,8.0,0.0,8.0,3.0,8.0
I,0.0,3.0,0.0,4.0,0.0,7.0,7.0,4.0,4.0,7.0,6.0,8.0,0.0,8.0,0.0,8.0
B,3.0,2.0,4.0,3.0,4.0,7.0,7.0,5.0,5.0,7.0,6.0,6.0,2.0,8.0,6.0,9.0
B,2.0,4.0,4.0,3.0,3.0,9.0,7.0,2.0,6.0,11.0,5.0,6.0,2.0,8.0,4.0,9.0
B,2.0,3.0,2.0,1.0,2.0,7.0,7.0,5.0,5.0,7.0,6.0,6.0,1.0,8.0,5.0,9.0
I,4.0,6.0,6.0,7.0,5.0,8.0,8.0,5.0,6.0,7.0,6.0,8.0,3.0,8.0,8.0,7.0
B,6.0,10.0,5.0,6.0,3.0,8.0,6.0,4.0,5.0,10.0,5.0,8.0,6.0,7.0,7.0,10.0
Z,2.0,4.0,3.0,3.0,2.0,8.0,7.0,5.0,9.0,6.0,6.0,7.0,2.0,8.0,7.0,8.0
Z,4.0,6.0,6.0,8.0,4.0,11.0,4.0,3.0,5.0,10.0,2.0,8.0,2.0,7.0,5.0,11.0
Z,5.0,8.0,7.0,6.0,5.0,8.0,7.0,2.0,9.0,11.0,5.0,8.0,1.0,7.0,6.0,8.0
Z,5.0,9.0,6.0,7.0,3.0,7.0,7.0,4.0,15.0,9.0,6.0,8.0,0.0,8.0,8.0,8.0
B,3.0,7.0,5.0,6.0,6.0,7.0,7.0,5.0,4.0,7.0,6.0,8.0,6.0,9.0,7.0,7.0
Z,1.0,3.0,3.0,2.0,1.0,7.0,7.0,2.0,9.0,11.0,6.0,8.0,1.0,8.0,5.0,7.0
I,3.0,11.0,4.0,8.0,2.0,6.0,8.0,0.0,8.0,13.0,7.0,8.0,0.0,8.0,1.0,7.0
B,2.0,0.0,2.0,1.0,1.0,7.0,8.0,7.0,5.0,7.0,6.0,7.0,1.0,8.0,7.0,8.0
B,3.0,5.0,4.0,4.0,4.0,8.0,7.0,5.0,6.0,7.0,6.0,6.0,5.0,8.0,5.0,9.0
B,8.0,12.0,7.0,6.0,6.0,8.0,7.0,5.0,5.0,9.0,7.0,8.0,7.0,8.0,9.0,7.0
Z,3.0,7.0,5.0,5.0,3.0,8.0,7.0,2.0,9.0,11.0,5.0,8.0,1.0,7.0,6.0,8.0
I,1.0,4.0,0.0,6.0,0.0,7.0,7.0,4.0,4.0,7.0,6.0,8.0,0.0,8.0,0.0,8.0
I,2.0,8.0,5.0,6.0,5.0,11.0,6.0,1.0,6.0,9.0,4.0,5.0,1.0,7.0,5.0,8.0
I,3.0,7.0,4.0,5.0,2.0,7.0,9.0,0.0,7.0,13.0,6.0,6.0,0.0,9.0,2.0,7.0
I,2.0,7.0,3.0,5.0,2.0,8.0,6.0,0.0,7.0,13.0,6.0,9.0,0.0,8.0,1.0,8.0
Z,3.0,6.0,4.0,4.0,3.0,8.0,7.0,5.0,10.0,7.0,5.0,8.0,2.0,9.0,8.0,8.0
B,4.0,4.0,4.0,6.0,3.0,6.0,7.0,9.0,7.0,7.0,6.0,7.0,2.0,8.0,9.0,10.0
I,0.0,1.0,0.0,1.0,0.0,7.0,7.0,4.0,4.0,7.0,6.0,8.0,0.0,8.0,0.0,8.0
I,2.0,11.0,2.0,8.0,4.0,7.0,7.0,0.0,7.0,7.0,6.0,8.0,0.0,8.0,3.0,8.0
Z,6.0,8.0,8.0,10.0,7.0,11.0,5.0,4.0,5.0,8.0,2.0,6.0,2.0,7.0,7.0,8.0
B,8.0,12.0,7.0,6.0,6.0,8.0,8.0,4.0,5.0,9.0,5.0,7.0,7.0,5.0,8.0,7.0
B,4.0,7.0,7.0,6.0,7.0,8.0,8.0,4.0,4.0,7.0,6.0,8.0,6.0,8.0,8.0,5.0
I,2.0,10.0,5.0,8.0,5.0,10.0,7.0,2.0,5.0,9.0,5.0,5.0,3.0,8.0,6.0,7.0
B,4.0,6.0,4.0,4.0,3.0,6.0,6.0,8.0,7.0,6.0,6.0,7.0,2.0,8.0,9.0,10.0
I,3.0,9.0,4.0,7.0,2.0,7.0,7.0,0.0,8.0,14.0,6.0,8.0,0.0,8.0,1.0,8.0
I,3.0,7.0,4.0,5.0,1.0,8.0,5.0,0.0,8.0,14.0,6.0,10.0,0.0,7.0,1.0,8.0
B,5.0,8.0,7.0,6.0,6.0,9.0,6.0,4.0,6.0,10.0,5.0,7.0,2.0,8.0,5.0,10.0
I,2.0,6.0,4.0,4.0,3.0,10.0,7.0,2.0,4.0,8.0,5.0,5.0,3.0,9.0,5.0,7.0
Z,2.0,3.0,4.0,2.0,2.0,8.0,7.0,2.0,9.0,12.0,6.0,8.0,1.0,8.0,5.0,8.0
Z,3.0,6.0,4.0,4.0,2.0,7.0,7.0,3.0,14.0,9.0,6.0,8.0,0.0,8.0,8.0,8.0
Z,4.0,11.0,5.0,8.0,2.0,7.0,7.0,4.0,14.0,10.0,6.0,8.0,0.0,8.0,8.0,8.0
Z,4.0,6.0,6.0,8.0,4.0,12.0,4.0,3.0,5.0,11.0,2.0,8.0,2.0,7.0,5.0,12.0
Z,3.0,10.0,4.0,8.0,2.0,7.0,7.0,4.0,14.0,10.0,6.0,8.0,0.0,8.0,8.0,8.0
B,4.0,7.0,6.0,5.0,6.0,9.0,6.0,4.0,6.0,10.0,5.0,7.0,2.0,8.0,5.0,10.0
I,4.0,9.0,4.0,5.0,2.0,8.0,8.0,2.0,5.0,13.0,5.0,5.0,1.0,9.0,5.0,10.0
Z,4.0,8.0,6.0,6.0,3.0,7.0,7.0,2.0,10.0,12.0,5.0,9.0,2.0,10.0,6.0,9.0
B,2.0,1.0,2.0,1.0,1.0,7.0,7.0,7.0,5.0,6.0,5.0,7.0,1.0,8.0,7.0,10.0
I,1.0,8.0,0.0,5.0,0.0,7.0,7.0,4.0,4.0,7.0,6.0,8.0,0.0,8.0,0.0,8.0
B,3.0,5.0,4.0,3.0,3.0,7.0,7.0,5.0,5.0,6.0,6.0,6.0,2.0,8.0,6.0,10.0
B,3.0,4.0,4.0,3.0,3.0,7.0,7.0,5.0,6.0,7.0,6.0,6.0,2.0,8.0,6.0,9.0
I,2.0,11.0,2.0,8.0,3.0,7.0,7.0,0.0,7.0,7.0,6.0,8.0,0.0,8.0,3.0,8.0
I,0.0,0.0,0.0,0.0,0.0,7.0,7.0,4.0,4.0,7.0,6.0,8.0,0.0,8.0,0.0,8.0
Z,3.0,8.0,4.0,6.0,2.0,7.0,7.0,4.0,13.0,9.0,6.0,8.0,0.0,8.0,8.0,8.0
B,4.0,7.0,4.0,5.0,3.0,6.0,8.0,9.0,8.0,7.0,5.0,7.0,2.0,8.0,9.0,9.0
I,5.0,8.0,6.0,9.0,6.0,8.0,9.0,5.0,6.0,6.0,6.0,7.0,3.0,9.0,9.0,8.0
I,4.0,9.0,4.0,4.0,2.0,7.0,10.0,2.0,5.0,13.0,5.0,4.0,1.0,8.0,5.0,8.0
Z,5.0,9.0,7.0,7.0,4.0,7.0,8.0,2.0,10.0,12.0,6.0,9.0,2.0,10.0,6.0,8.0
Z,1.0,3.0,2.0,2.0,1.0,7.0,7.0,5.0,8.0,6.0,6.0,8.0,1.0,8.0,7.0,8.0
B,4.0,8.0,6.0,6.0,5.0,8.0,7.0,5.0,6.0,9.0,5.0,6.0,3.0,8.0,7.0,9.0
Z,6.0,9.0,8.0,7.0,5.0,9.0,5.0,3.0,9.0,11.0,3.0,11.0,3.0,6.0,7.0,9.0
I,5.0,10.0,6.0,8.0,4.0,7.0,7.0,0.0,8.0,13.0,6.0,8.0,0.0,8.0,1.0,8.0
I,1.0,7.0,0.0,5.0,1.0,7.0,7.0,5.0,3.0,7.0,6.0,8.0,0.0,8.0,0.0,8.0
I,2.0,7.0,5.0,5.0,4.0,11.0,6.0,1.0,5.0,8.0,4.0,5.0,3.0,8.0,5.0,9.0
B,3.0,7.0,4.0,5.0,5.0,9.0,6.0,5.0,4.0,7.0,7.0,8.0,6.0,9.0,7.0,7.0
Z,2.0,3.0,4.0,2.0,1.0,7.0,7.0,2.0,9.0,11.0,6.0,8.0,1.0,8.0,5.0,7.0
Z,4.0,10.0,5.0,8.0,3.0,7.0,7.0,4.0,15.0,9.0,6.0,8.0,0.0,8.0,8.0,8.0
B,2.0,3.0,3.0,2.0,2.0,8.0,7.0,3.0,5.0,10.0,5.0,6.0,2.0,8.0,3.0,9.0
B,4.0,7.0,6.0,5.0,6.0,9.0,6.0,4.0,6.0,9.0,5.0,6.0,2.0,8.0,6.0,9.0
Z,2.0,4.0,4.0,3.0,2.0,7.0,8.0,2.0,9.0,11.0,6.0,8.0,1.0,8.0,5.0,7.0
Z,5.0,8.0,7.0,6.0,4.0,6.0,9.0,3.0,10.0,11.0,9.0,5.0,1.0,8.0,6.0,5.0
I,3.0,9.0,4.0,7.0,3.0,7.0,8.0,0.0,7.0,13.0,6.0,8.0,0.0,8.0,1.0,8.0
B,3.0,8.0,5.0,6.0,4.0,9.0,6.0,4.0,6.0,10.0,5.0,6.0,2.0,8.0,6.0,9.0
Z,4.0,11.0,6.0,8.0,7.0,8.0,7.0,2.0,8.0,7.0,6.0,7.0,1.0,7.0,11.0,7.0
I,2.0,9.0,2.0,7.0,2.0,7.0,7.0,0.0,8.0,7.0,6.0,8.0,0.0,8.0,3.0,8.0
B,4.0,9.0,6.0,6.0,7.0,9.0,6.0,4.0,4.0,6.0,7.0,7.0,7.0,9.0,8.0,6.0
I,4.0,10.0,5.0,8.0,3.0,5.0,9.0,0.0,7.0,13.0,7.0,6.0,2.0,9.0,3.0,6.0
I,5.0,12.0,4.0,6.0,3.0,10.0,6.0,3.0,5.0,13.0,3.0,6.0,2.0,8.0,5.0,10.0
B,6.0,9.0,9.0,8.0,10.0,7.0,7.0,5.0,4.0,8.0,6.0,8.0,7.0,9.0,9.0,6.0
Z,5.0,8.0,7.0,6.0,4.0,7.0,8.0,2.0,10.0,12.0,6.0,7.0,2.0,8.0,6.0,8.0
I,5.0,15.0,5.0,8.0,3.0,10.0,6.0,2.0,5.0,11.0,4.0,6.0,2.0,9.0,5.0,12.0
I,5.0,11.0,4.0,6.0,2.0,8.0,8.0,2.0,5.0,13.0,4.0,5.0,2.0,9.0,5.0,9.0
Z,2.0,1.0,2.0,2.0,2.0,8.0,7.0,5.0,8.0,6.0,6.0,7.0,1.0,8.0,6.0,8.0
B,3.0,5.0,3.0,4.0,3.0,7.0,7.0,5.0,5.0,6.0,6.0,6.0,2.0,8.0,6.0,10.0
I,5.0,9.0,3.0,4.0,1.0,10.0,6.0,5.0,4.0,13.0,3.0,7.0,2.0,8.0,5.0,10.0
B,4.0,7.0,4.0,5.0,5.0,6.0,7.0,8.0,5.0,7.0,6.0,7.0,2.0,8.0,7.0,9.0
I,4.0,11.0,5.0,8.0,3.0,7.0,7.0,0.0,9.0,14.0,6.0,8.0,0.0,8.0,1.0,8.0
Z,3.0,9.0,4.0,7.0,2.0,7.0,7.0,4.0,14.0,9.0,6.0,8.0,0.0,8.0,8.0,8.0
I,1.0,3.0,1.0,2.0,0.0,7.0,7.0,1.0,7.0,13.0,6.0,8.0,0.0,8.0,0.0,8.0
B,6.0,10.0,9.0,8.0,7.0,9.0,6.0,4.0,7.0,9.0,5.0,7.0,3.0,8.0,7.0,10.0
I,1.0,11.0,0.0,8.0,0.0,7.0,7.0,4.0,4.0,7.0,6.0,8.0,0.0,8.0,0.0,8.0
Z,4.0,6.0,6.0,8.0,4.0,13.0,4.0,3.0,7.0,10.0,2.0,7.0,2.0,7.0,5.0,12.0
Z,2.0,1.0,2.0,2.0,1.0,7.0,7.0,3.0,12.0,8.0,6.0,8.0,0.0,8.0,7.0,8.0
I,1.0,4.0,0.0,6.0,0.0,7.0,7.0,4.0,4.0,7.0,6.0,8.0,0.0,8.0,0.0,8.0
B,6.0,10.0,8.0,8.0,7.0,7.0,8.0,6.0,4.0,6.0,4.0,5.0,5.0,8.0,7.0,7.0
B,1.0,0.0,2.0,1.0,1.0,7.0,7.0,7.0,5.0,6.0,6.0,7.0,1.0,8.0,7.0,9.0
B,1.0,0.0,1.0,0.0,1.0,7.0,7.0,6.0,4.0,7.0,6.0,7.0,1.0,8.0,6.0,9.0
B,3.0,4.0,4.0,6.0,3.0,6.0,8.0,9.0,7.0,7.0,6.0,7.0,2.0,8.0,9.0,9.0
Z,3.0,6.0,4.0,4.0,3.0,7.0,7.0,3.0,12.0,8.0,6.0,8.0,0.0,8.0,7.0,8.0
B,2.0,4.0,4.0,2.0,3.0,9.0,7.0,2.0,6.0,11.0,5.0,7.0,4.0,7.0,5.0,9.0
B,4.0,10.0,6.0,8.0,6.0,9.0,7.0,3.0,5.0,10.0,4.0,6.0,2.0,8.0,5.0,9.0
Z,4.0,8.0,6.0,6.0,3.0,8.0,6.0,3.0,10.0,12.0,4.0,10.0,1.0,8.0,6.0,9.0
Z,5.0,8.0,7.0,10.0,6.0,11.0,5.0,3.0,5.0,9.0,2.0,7.0,2.0,7.0,6.0,9.0
I,1.0,1.0,1.0,2.0,1.0,7.0,7.0,1.0,7.0,7.0,6.0,8.0,0.0,8.0,2.0,8.0
Z,2.0,4.0,4.0,3.0,2.0,8.0,6.0,2.0,9.0,11.0,5.0,9.0,1.0,8.0,6.0,9.0
I,5.0,6.0,6.0,4.0,3.0,7.0,6.0,2.0,7.0,7.0,6.0,9.0,0.0,9.0,4.0,8.0
B,1.0,3.0,2.0,1.0,1.0,8.0,7.0,3.0,4.0,10.0,5.0,7.0,1.0,8.0,3.0,9.0
I,3.0,7.0,4.0,5.0,1.0,6.0,8.0,1.0,8.0,14.0,7.0,8.0,0.0,8.0,1.0,7.0
B,2.0,3.0,2.0,2.0,2.0,7.0,8.0,5.0,5.0,7.0,5.0,6.0,2.0,8.0,5.0,9.0
B,6.0,9.0,6.0,4.0,5.0,8.0,8.0,4.0,4.0,9.0,6.0,7.0,6.0,7.0,8.0,6.0
I,1.0,1.0,1.0,2.0,1.0,7.0,7.0,1.0,7.0,7.0,6.0,8.0,0.0,8.0,2.0,8.0
I,1.0,9.0,1.0,6.0,2.0,7.0,7.0,0.0,7.0,7.0,6.0,8.0,0.0,8.0,3.0,8.0
Z,5.0,11.0,6.0,8.0,6.0,7.0,8.0,5.0,9.0,7.0,7.0,9.0,1.0,9.0,7.0,7.0
I,0.0,4.0,0.0,6.0,0.0,7.0,7.0,4.0,4.0,7.0,6.0,8.0,0.0,8.0,0.0,8.0
B,2.0,1.0,3.0,2.0,2.0,7.0,7.0,5.0,5.0,7.0,6.0,6.0,2.0,8.0,5.0,9.0
I,0.0,6.0,0.0,4.0,0.0,7.0,7.0,4.0,4.0,7.0,6.0,8.0,0.0,8.0,0.0,8.0
Z,3.0,7.0,4.0,5.0,2.0,7.0,7.0,3.0,12.0,8.0,6.0,8.0,0.0,8.0,7.0,8.0
B,3.0,7.0,4.0,5.0,4.0,7.0,7.0,8.0,5.0,7.0,6.0,7.0,2.0,8.0,7.0,9.0
B,4.0,4.0,4.0,7.0,4.0,6.0,8.0,9.0,7.0,7.0,6.0,7.0,2.0,8.0,9.0,10.0
I,0.0,8.0,0.0,5.0,0.0,7.0,7.0,4.0,4.0,7.0,6.0,8.0,0.0,8.0,0.0,8.0
I,0.0,0.0,0.0,0.0,0.0,7.0,7.0,4.0,4.0,7.0,6.0,8.0,0.0,8.0,0.0,8.0
I,2.0,9.0,2.0,7.0,2.0,7.0,7.0,0.0,8.0,7.0,6.0,9.0,0.0,8.0,3.0,8.0
B,4.0,8.0,6.0,6.0,6.0,9.0,6.0,4.0,6.0,10.0,4.0,7.0,3.0,8.0,5.0,10.0
I,4.0,9.0,6.0,6.0,3.0,9.0,8.0,2.0,8.0,7.0,6.0,6.0,0.0,8.0,4.0,7.0
Z,3.0,7.0,4.0,5.0,3.0,7.0,7.0,3.0,12.0,8.0,6.0,8.0,0.0,8.0,8.0,7.0
I,0.0,1.0,0.0,1.0,0.0,7.0,7.0,4.0,4.0,7.0,6.0,8.0,0.0,8.0,0.0,8.0
B,4.0,10.0,6.0,8.0,7.0,7.0,8.0,5.0,5.0,9.0,7.0,6.0,4.0,8.0,7.0,8.0
Z,4.0,8.0,5.0,6.0,4.0,8.0,6.0,2.0,9.0,11.0,5.0,9.0,1.0,8.0,5.0,9.0
B,4.0,6.0,5.0,4.0,4.0,9.0,7.0,3.0,6.0,9.0,5.0,6.0,2.0,8.0,5.0,8.0
B,8.0,12.0,6.0,6.0,4.0,10.0,5.0,5.0,5.0,11.0,3.0,9.0,6.0,7.0,6.0,10.0
Z,8.0,7.0,6.0,11.0,5.0,4.0,13.0,4.0,2.0,12.0,8.0,5.0,2.0,8.0,8.0,6.0
I,7.0,10.0,9.0,8.0,5.0,9.0,5.0,3.0,7.0,6.0,7.0,4.0,0.0,9.0,4.0,7.0
I,4.0,7.0,6.0,5.0,3.0,8.0,8.0,2.0,8.0,7.0,6.0,7.0,0.0,8.0,4.0,7.0
Z,6.0,11.0,8.0,8.0,5.0,6.0,9.0,3.0,11.0,11.0,9.0,6.0,2.0,8.0,6.0,5.0
Z,3.0,6.0,5.0,4.0,3.0,8.0,7.0,2.0,10.0,11.0,5.0,9.0,1.0,8.0,6.0,9.0
B,10.0,13.0,7.0,8.0,5.0,10.0,5.0,5.0,6.0,11.0,3.0,9.0,6.0,7.0,7.0,11.0
Z,4.0,11.0,6.0,8.0,4.0,7.0,8.0,2.0,10.0,11.0,8.0,6.0,2.0,7.0,6.0,6.0
I,1.0,10.0,0.0,7.0,0.0,7.0,7.0,4.0,4.0,7.0,6.0,8.0,0.0,8.0,0.0,8.0
I,7.0,12.0,5.0,6.0,3.0,11.0,4.0,5.0,5.0,13.0,3.0,8.0,3.0,7.0,4.0,9.0
B,4.0,11.0,4.0,8.0,6.0,6.0,6.0,9.0,6.0,7.0,7.0,7.0,2.0,9.0,7.0,10.0
I,1.0,10.0,0.0,8.0,1.0,7.0,7.0,5.0,3.0,7.0,6.0,8.0,0.0,8.0,0.0,8.0
I,1.0,10.0,0.0,7.0,0.0,7.0,7.0,4.0,4.0,7.0,6.0,8.0,0.0,8.0,0.0,8.0
Z,4.0,6.0,5.0,4.0,3.0,8.0,6.0,2.0,10.0,12.0,5.0,10.0,1.0,9.0,6.0,9.0
B,2.0,4.0,4.0,3.0,3.0,8.0,7.0,3.0,6.0,10.0,5.0,6.0,2.0,8.0,4.0,10.0
Z,4.0,8.0,4.0,6.0,4.0,9.0,7.0,5.0,9.0,7.0,5.0,6.0,1.0,7.0,7.0,8.0
Z,4.0,6.0,6.0,4.0,4.0,9.0,10.0,5.0,5.0,6.0,5.0,7.0,3.0,8.0,6.0,5.0
Z,4.0,8.0,6.0,6.0,4.0,7.0,8.0,2.0,9.0,11.0,6.0,8.0,1.0,8.0,6.0,8.0
Z,4.0,4.0,5.0,6.0,2.0,7.0,7.0,4.0,14.0,9.0,6.0,8.0,0.0,8.0,8.0,8.0
Z,2.0,5.0,3.0,3.0,2.0,7.0,8.0,5.0,9.0,6.0,6.0,9.0,2.0,8.0,7.0,8.0
I,6.0,14.0,5.0,8.0,3.0,7.0,9.0,2.0,6.0,14.0,5.0,6.0,1.0,8.0,5.0,8.0
Z,4.0,9.0,6.0,7.0,5.0,9.0,11.0,6.0,5.0,6.0,5.0,7.0,3.0,9.0,8.0,5.0
Z,1.0,1.0,2.0,3.0,1.0,7.0,8.0,5.0,8.0,6.0,6.0,9.0,1.0,9.0,7.0,8.0
I,4.0,11.0,5.0,8.0,3.0,7.0,7.0,0.0,7.0,13.0,6.0,8.0,0.0,8.0,1.0,8.0
B,2.0,3.0,4.0,2.0,2.0,8.0,7.0,3.0,5.0,10.0,5.0,6.0,2.0,8.0,4.0,9.0
B,3.0,8.0,5.0,6.0,4.0,7.0,8.0,5.0,6.0,9.0,7.0,5.0,2.0,8.0,7.0,6.0
Z,4.0,7.0,5.0,5.0,3.0,8.0,6.0,2.0,10.0,11.0,5.0,10.0,2.0,8.0,6.0,9.0
Z,5.0,9.0,6.0,7.0,7.0,8.0,7.0,3.0,8.0,8.0,6.0,8.0,1.0,7.0,12.0,9.0
I,1.0,6.0,2.0,4.0,1.0,7.0,7.0,0.0,7.0,13.0,6.0,9.0,0.0,8.0,1.0,8.0
Z,2.0,6.0,3.0,4.0,1.0,7.0,7.0,3.0,13.0,9.0,6.0,8.0,0.0,8.0,8.0,8.0
I,7.0,14.0,6.0,8.0,4.0,10.0,6.0,4.0,6.0,14.0,3.0,6.0,2.0,8.0,6.0,10.0
Z,3.0,5.0,4.0,7.0,2.0,7.0,7.0,4.0,14.0,10.0,6.0,8.0,0.0,8.0,8.0,8.0
B,2.0,1.0,3.0,3.0,2.0,7.0,7.0,5.0,5.0,6.0,6.0,6.0,2.0,8.0,5.0,9.0
I,1.0,5.0,0.0,6.0,0.0,7.0,7.0,4.0,4.0,7.0,6.0,8.0,0.0,8.0,0.0,8.0
I,3.0,9.0,4.0,6.0,3.0,7.0,7.0,0.0,7.0,13.0,6.0,8.0,0.0,8.0,1.0,8.0
B,4.0,8.0,4.0,6.0,5.0,6.0,7.0,8.0,6.0,6.0,6.0,7.0,2.0,8.0,7.0,9.0
I,2.0,10.0,3.0,8.0,2.0,9.0,6.0,0.0,7.0,13.0,5.0,8.0,0.0,8.0,1.0,8.0
Z,4.0,10.0,5.0,8.0,3.0,7.0,7.0,4.0,15.0,9.0,6.0,8.0,0.0,8.0,8.0,8.0
I,4.0,8.0,6.0,9.0,6.0,9.0,8.0,6.0,7.0,7.0,4.0,7.0,3.0,10.0,9.0,9.0
B,1.0,1.0,2.0,1.0,2.0,7.0,7.0,4.0,5.0,7.0,6.0,6.0,1.0,8.0,4.0,9.0
I,4.0,11.0,5.0,8.0,2.0,9.0,5.0,0.0,8.0,14.0,5.0,10.0,0.0,8.0,1.0,9.0
B,4.0,6.0,4.0,4.0,3.0,7.0,6.0,9.0,7.0,7.0,7.0,7.0,2.0,8.0,8.0,9.0
I,3.0,8.0,4.0,6.0,2.0,7.0,7.0,0.0,8.0,14.0,6.0,8.0,0.0,8.0,1.0,8.0
I,4.0,11.0,7.0,9.0,8.0,10.0,8.0,2.0,6.0,9.0,4.0,5.0,4.0,7.0,8.0,4.0
I,1.0,10.0,0.0,7.0,0.0,7.0,7.0,4.0,4.0,7.0,6.0,8.0,0.0,8.0,0.0,8.0
B,5.0,11.0,6.0,8.0,8.0,8.0,7.0,5.0,6.0,7.0,6.0,5.0,3.0,8.0,6.0,9.0
B,2.0,3.0,4.0,2.0,2.0,8.0,7.0,3.0,5.0,10.0,5.0,6.0,2.0,8.0,4.0,9.0
B,6.0,9.0,5.0,5.0,5.0,8.0,8.0,3.0,5.0,9.0,5.0,7.0,6.0,5.0,7.0,7.0
Z,3.0,6.0,5.0,9.0,4.0,11.0,3.0,2.0,6.0,8.0,2.0,6.0,1.0,8.0,6.0,9.0
B,2.0,1.0,3.0,1.0,2.0,7.0,7.0,5.0,5.0,7.0,6.0,6.0,1.0,8.0,5.0,9.0
I,3.0,7.0,4.0,5.0,2.0,8.0,6.0,0.0,7.0,13.0,6.0,9.0,0.0,7.0,2.0,8.0
B,4.0,5.0,4.0,7.0,4.0,6.0,7.0,10.0,7.0,7.0,6.0,7.0,2.0,8.0,8.0,9.0
Z,7.0,14.0,7.0,8.0,4.0,10.0,4.0,3.0,8.0,12.0,4.0,10.0,3.0,9.0,4.0,11.0
Z,4.0,10.0,5.0,8.0,2.0,7.0,7.0,4.0,15.0,9.0,6.0,8.0,0.0,8.0,8.0,8.0
I,2.0,7.0,2.0,5.0,1.0,7.0,7.0,0.0,7.0,13.0,6.0,8.0,0.0,8.0,1.0,8.0
B,8.0,10.0,7.0,6.0,6.0,7.0,9.0,4.0,5.0,9.0,6.0,7.0,6.0,6.0,7.0,6.0
I,1.0,10.0,2.0,8.0,2.0,7.0,7.0,0.0,8.0,7.0,6.0,8.0,0.0,8.0,3.0,8.0
I,1.0,3.0,2.0,1.0,0.0,7.0,7.0,1.0,7.0,13.0,6.0,8.0,0.0,8.0,1.0,8.0
I,3.0,7.0,5.0,5.0,2.0,8.0,6.0,2.0,7.0,7.0,6.0,7.0,0.0,9.0,4.0,7.0
Z,5.0,9.0,5.0,4.0,3.0,8.0,6.0,2.0,8.0,11.0,6.0,9.0,3.0,7.0,6.0,7.0
I,1.0,4.0,1.0,3.0,1.0,7.0,7.0,1.0,8.0,7.0,6.0,9.0,0.0,8.0,3.0,8.0
Z,2.0,4.0,4.0,3.0,2.0,7.0,7.0,2.0,9.0,12.0,6.0,8.0,1.0,8.0,5.0,7.0
Z,6.0,9.0,8.0,7.0,8.0,9.0,8.0,4.0,4.0,6.0,4.0,6.0,4.0,8.0,10.0,4.0
B,6.0,9.0,8.0,7.0,6.0,10.0,6.0,3.0,7.0,10.0,3.0,7.0,6.0,8.0,7.0,11.0
Z,4.0,9.0,6.0,7.0,4.0,9.0,5.0,2.0,9.0,11.0,4.0,10.0,1.0,8.0,6.0,10.0
I,7.0,13.0,5.0,8.0,3.0,10.0,4.0,5.0,4.0,13.0,3.0,9.0,3.0,8.0,4.0,9.0
B,10.0,15.0,10.0,8.0,8.0,9.0,7.0,4.0,5.0,9.0,5.0,7.0,7.0,5.0,9.0,8.0
Z,4.0,8.0,6.0,6.0,6.0,8.0,8.0,3.0,7.0,7.0,7.0,7.0,1.0,9.0,10.0,8.0
I,4.0,9.0,4.0,5.0,2.0,6.0,11.0,3.0,4.0,13.0,6.0,4.0,1.0,9.0,5.0,8.0
Z,3.0,6.0,5.0,4.0,4.0,8.0,8.0,2.0,7.0,7.0,6.0,7.0,0.0,8.0,8.0,9.0
B,4.0,10.0,5.0,7.0,7.0,8.0,7.0,6.0,5.0,7.0,6.0,6.0,6.0,8.0,6.0,10.0
B,5.0,8.0,7.0,6.0,7.0,7.0,7.0,5.0,4.0,7.0,5.0,7.0,4.0,9.0,6.0,7.0
I,1.0,9.0,0.0,6.0,1.0,7.0,7.0,5.0,3.0,7.0,6.0,8.0,0.0,8.0,0.0,8.0
B,2.0,1.0,2.0,1.0,1.0,7.0,7.0,7.0,5.0,6.0,6.0,7.0,1.0,8.0,7.0,8.0
Z,2.0,1.0,3.0,2.0,1.0,7.0,7.0,5.0,9.0,6.0,6.0,8.0,1.0,8.0,7.0,8.0
Z,2.0,1.0,3.0,2.0,2.0,7.0,7.0,5.0,9.0,6.0,6.0,8.0,2.0,8.0,7.0,8.0
Z,5.0,9.0,6.0,7.0,5.0,7.0,7.0,5.0,10.0,7.0,6.0,8.0,1.0,8.0,7.0,8.0
B,3.0,5.0,3.0,3.0,3.0,7.0,7.0,5.0,5.0,6.0,6.0,6.0,2.0,8.0,6.0,10.0
B,6.0,9.0,8.0,6.0,7.0,9.0,7.0,4.0,6.0,9.0,5.0,6.0,3.0,7.0,6.0,10.0
I,1.0,1.0,1.0,3.0,1.0,8.0,7.0,1.0,7.0,7.0,6.0,7.0,0.0,8.0,2.0,7.0
I,0.0,0.0,0.0,1.0,0.0,7.0,7.0,4.0,4.0,7.0,6.0,8.0,0.0,8.0,0.0,8.0
B,4.0,8.0,5.0,6.0,6.0,6.0,7.0,8.0,5.0,7.0,6.0,7.0,2.0,8.0,7.0,9.0
Z,3.0,7.0,4.0,5.0,3.0,7.0,7.0,3.0,11.0,9.0,6.0,8.0,0.0,8.0,7.0,8.0
B,4.0,8.0,5.0,6.0,5.0,8.0,8.0,4.0,4.0,7.0,5.0,7.0,4.0,8.0,5.0,7.0
B,4.0,7.0,5.0,5.0,5.0,7.0,7.0,7.0,6.0,7.0,6.0,7.0,2.0,8.0,6.0,10.0
I,1.0,4.0,2.0,3.0,1.0,7.0,7.0,0.0,7.0,13.0,6.0,8.0,0.0,8.0,1.0,8.0
I,5.0,8.0,6.0,6.0,3.0,7.0,5.0,2.0,7.0,7.0,7.0,9.0,1.0,10.0,4.0,8.0
I,0.0,6.0,0.0,4.0,0.0,7.0,7.0,4.0,4.0,7.0,6.0,8.0,0.0,8.0,0.0,8.0
I,1.0,3.0,1.0,4.0,1.0,7.0,7.0,0.0,7.0,7.0,6.0,8.0,0.0,8.0,2.0,8.0
I,1.0,5.0,2.0,4.0,1.0,7.0,7.0,0.0,7.0,13.0,6.0,8.0,0.0,8.0,1.0,7.0
I,3.0,7.0,4.0,5.0,2.0,7.0,7.0,0.0,8.0,14.0,6.0,8.0,0.0,8.0,1.0,8.0
Z,1.0,3.0,2.0,2.0,1.0,7.0,7.0,5.0,8.0,6.0,6.0,8.0,2.0,8.0,6.0,8.0
Z,6.0,7.0,4.0,11.0,4.0,8.0,5.0,4.0,4.0,11.0,6.0,8.0,3.0,9.0,10.0,8.0
B,2.0,1.0,3.0,1.0,2.0,7.0,7.0,5.0,5.0,7.0,6.0,6.0,1.0,8.0,5.0,9.0
I,6.0,12.0,6.0,7.0,4.0,9.0,8.0,2.0,5.0,11.0,5.0,6.0,3.0,9.0,6.0,11.0
Z,4.0,4.0,4.0,6.0,2.0,7.0,7.0,4.0,14.0,9.0,6.0,8.0,0.0,8.0,8.0,8.0
Z,5.0,6.0,4.0,9.0,4.0,9.0,4.0,4.0,3.0,11.0,6.0,9.0,2.0,10.0,8.0,8.0
B,4.0,7.0,6.0,5.0,5.0,8.0,6.0,5.0,6.0,9.0,6.0,7.0,3.0,8.0,7.0,9.0
I,5.0,12.0,4.0,6.0,2.0,12.0,4.0,3.0,5.0,12.0,2.0,7.0,2.0,8.0,2.0,11.0
I,1.0,3.0,1.0,2.0,0.0,7.0,7.0,1.0,7.0,7.0,6.0,9.0,0.0,8.0,2.0,8.0
I,1.0,2.0,1.0,4.0,1.0,7.0,7.0,1.0,7.0,7.0,6.0,8.0,0.0,8.0,2.0,8.0
I,1.0,5.0,2.0,4.0,1.0,7.0,7.0,0.0,7.0,13.0,6.0,8.0,0.0,8.0,1.0,8.0
Z,6.0,9.0,6.0,4.0,4.0,9.0,5.0,4.0,8.0,11.0,4.0,9.0,3.0,6.0,6.0,9.0
Z,7.0,14.0,7.0,8.0,5.0,6.0,7.0,2.0,9.0,12.0,7.0,8.0,4.0,6.0,7.0,6.0
Z,3.0,9.0,4.0,6.0,3.0,7.0,7.0,6.0,11.0,6.0,6.0,8.0,1.0,8.0,8.0,8.0
I,2.0,2.0,1.0,3.0,1.0,7.0,7.0,1.0,8.0,7.0,6.0,8.0,0.0,8.0,3.0,8.0
I,2.0,9.0,2.0,7.0,2.0,7.0,7.0,0.0,9.0,7.0,6.0,8.0,0.0,8.0,3.0,8.0
I,2.0,7.0,3.0,5.0,1.0,8.0,6.0,0.0,7.0,13.0,6.0,9.0,0.0,8.0,1.0,8.0
I,1.0,9.0,0.0,6.0,1.0,7.0,7.0,5.0,3.0,7.0,6.0,8.0,0.0,8.0,0.0,8.0
Z,2.0,4.0,4.0,3.0,2.0,7.0,8.0,2.0,9.0,11.0,7.0,7.0,1.0,8.0,6.0,6.0
B,2.0,3.0,3.0,2.0,2.0,8.0,7.0,2.0,5.0,10.0,5.0,7.0,2.0,8.0,3.0,9.0
B,2.0,5.0,4.0,3.0,3.0,9.0,7.0,2.0,6.0,10.0,5.0,6.0,2.0,8.0,5.0,9.0
B,5.0,8.0,7.0,6.0,6.0,10.0,6.0,3.0,6.0,10.0,4.0,7.0,3.0,8.0,5.0,10.0
Z,6.0,10.0,6.0,5.0,3.0,9.0,5.0,2.0,8.0,11.0,5.0,9.0,2.0,9.0,5.0,9.0
Z,4.0,6.0,5.0,4.0,3.0,9.0,5.0,3.0,8.0,11.0,4.0,9.0,2.0,7.0,6.0,10.0
I,1.0,3.0,0.0,2.0,0.0,7.0,7.0,1.0,7.0,7.0,6.0,8.0,0.0,8.0,2.0,8.0
I,4.0,6.0,6.0,4.0,3.0,6.0,7.0,3.0,8.0,7.0,6.0,11.0,0.0,8.0,4.0,8.0
Z,6.0,11.0,7.0,8.0,6.0,7.0,8.0,3.0,13.0,9.0,6.0,8.0,0.0,8.0,8.0,7.0
Z,1.0,0.0,2.0,1.0,0.0,7.0,7.0,2.0,10.0,8.0,6.0,8.0,0.0,8.0,6.0,8.0
I,0.0,8.0,0.0,5.0,0.0,7.0,7.0,4.0,4.0,7.0,6.0,8.0,0.0,8.0,0.0,8.0
I,1.0,5.0,2.0,3.0,1.0,7.0,7.0,0.0,7.0,13.0,6.0,8.0,0.0,8.0,1.0,8.0
Z,7.0,8.0,5.0,11.0,5.0,8.0,5.0,5.0,5.0,11.0,7.0,8.0,3.0,9.0,10.0,7.0
I,1.0,5.0,0.0,7.0,0.0,7.0,7.0,4.0,4.0,7.0,6.0,8.0,0.0,8.0,0.0,8.0
Z,4.0,7.0,6.0,5.0,3.0,7.0,7.0,2.0,10.0,11.0,6.0,8.0,1.0,8.0,6.0,8.0
I,5.0,7.0,7.0,8.0,6.0,9.0,8.0,5.0,5.0,6.0,5.0,8.0,3.0,8.0,9.0,7.0
B,5.0,8.0,8.0,6.0,6.0,11.0,5.0,2.0,6.0,10.0,3.0,7.0,5.0,7.0,6.0,12.0
Z,1.0,3.0,2.0,1.0,1.0,8.0,7.0,1.0,8.0,11.0,6.0,8.0,1.0,8.0,5.0,8.0
Z,4.0,11.0,6.0,8.0,7.0,8.0,7.0,2.0,8.0,7.0,6.0,8.0,0.0,8.0,9.0,8.0
Z,4.0,10.0,5.0,8.0,2.0,7.0,7.0,4.0,14.0,10.0,6.0,8.0,0.0,8.0,8.0,8.0
Z,8.0,12.0,8.0,6.0,5.0,8.0,5.0,2.0,8.0,12.0,6.0,10.0,3.0,7.0,7.0,8.0
I,1.0,3.0,1.0,2.0,1.0,7.0,7.0,1.0,7.0,7.0,6.0,8.0,0.0,8.0,2.0,8.0
I,0.0,4.0,0.0,6.0,0.0,7.0,7.0,4.0,4.0,7.0,6.0,8.0,0.0,8.0,0.0,8.0
B,4.0,10.0,5.0,8.0,7.0,6.0,8.0,8.0,5.0,7.0,5.0,7.0,2.0,8.0,7.0,9.0
I,1.0,3.0,0.0,2.0,0.0,7.0,7.0,1.0,7.0,7.0,6.0,8.0,0.0,8.0,2.0,8.0
Z,3.0,8.0,4.0,6.0,2.0,7.0,7.0,4.0,13.0,9.0,6.0,8.0,0.0,8.0,8.0,8.0
Z,3.0,8.0,4.0,6.0,3.0,9.0,6.0,5.0,10.0,7.0,5.0,6.0,1.0,7.0,8.0,8.0
Z,3.0,2.0,4.0,4.0,2.0,7.0,7.0,5.0,10.0,6.0,6.0,8.0,1.0,8.0,7.0,8.0
Z,3.0,3.0,4.0,5.0,2.0,7.0,7.0,4.0,13.0,9.0,6.0,8.0,0.0,8.0,8.0,8.0
Z,2.0,6.0,3.0,4.0,1.0,7.0,7.0,3.0,13.0,9.0,6.0,8.0,0.0,8.0,8.0,8.0
Z,2.0,2.0,3.0,4.0,2.0,8.0,7.0,5.0,9.0,6.0,6.0,8.0,1.0,8.0,7.0,8.0
I,4.0,11.0,5.0,8.0,3.0,9.0,6.0,0.0,8.0,14.0,5.0,8.0,0.0,8.0,1.0,8.0
B,5.0,7.0,7.0,5.0,6.0,8.0,6.0,6.0,6.0,9.0,7.0,7.0,3.0,8.0,7.0,9.0
B,5.0,10.0,7.0,8.0,7.0,8.0,8.0,4.0,5.0,7.0,6.0,7.0,7.0,7.0,6.0,9.0
B,5.0,9.0,8.0,8.0,9.0,7.0,7.0,5.0,4.0,7.0,6.0,8.0,7.0,9.0,9.0,6.0
Z,2.0,5.0,4.0,4.0,2.0,7.0,8.0,2.0,9.0,11.0,7.0,7.0,1.0,8.0,5.0,7.0
B,4.0,9.0,4.0,7.0,3.0,6.0,6.0,9.0,7.0,6.0,6.0,7.0,2.0,8.0,9.0,10.0
Z,4.0,9.0,4.0,6.0,2.0,7.0,7.0,4.0,14.0,9.0,6.0,8.0,0.0,8.0,8.0,8.0
I,1.0,4.0,2.0,3.0,1.0,7.0,8.0,0.0,7.0,13.0,6.0,8.0,0.0,8.0,1.0,7.0
B,2.0,3.0,2.0,1.0,2.0,7.0,8.0,5.0,5.0,7.0,5.0,6.0,1.0,8.0,5.0,9.0
I,1.0,9.0,0.0,6.0,0.0,7.0,7.0,4.0,4.0,7.0,6.0,8.0,0.0,8.0,0.0,8.0
I,0.0,7.0,0.0,4.0,0.0,7.0,7.0,4.0,4.0,7.0,6.0,8.0,0.0,8.0,0.0,8.0
Z,5.0,8.0,7.0,6.0,4.0,8.0,7.0,2.0,10.0,12.0,6.0,7.0,1.0,7.0,6.0,7.0
I,2.0,2.0,2.0,4.0,2.0,7.0,7.0,1.0,8.0,7.0,6.0,8.0,0.0,8.0,3.0,8.0
B,5.0,9.0,6.0,7.0,5.0,6.0,8.0,9.0,8.0,7.0,5.0,7.0,2.0,8.0,9.0,9.0
B,4.0,7.0,6.0,5.0,4.0,7.0,8.0,6.0,5.0,9.0,6.0,6.0,3.0,8.0,6.0,8.0
B,4.0,9.0,6.0,6.0,6.0,8.0,8.0,4.0,5.0,10.0,5.0,6.0,3.0,8.0,5.0,10.0
I,1.0,7.0,0.0,4.0,0.0,7.0,7.0,4.0,4.0,7.0,6.0,8.0,0.0,8.0,0.0,8.0
I,2.0,9.0,3.0,7.0,4.0,7.0,7.0,0.0,7.0,7.0,6.0,8.0,0.0,8.0,3.0,8.0
Z,5.0,5.0,6.0,8.0,3.0,7.0,7.0,4.0,15.0,9.0,6.0,8.0,0.0,8.0,9.0,8.0
Z,4.0,5.0,5.0,8.0,2.0,7.0,7.0,4.0,14.0,10.0,6.0,8.0,0.0,8.0,8.0,8.0
B,5.0,7.0,8.0,6.0,8.0,7.0,7.0,5.0,4.0,7.0,6.0,8.0,6.0,9.0,8.0,6.0
B,2.0,4.0,4.0,2.0,2.0,9.0,7.0,2.0,5.0,10.0,5.0,6.0,2.0,8.0,4.0,9.0
Z,2.0,7.0,3.0,5.0,1.0,7.0,7.0,3.0,12.0,9.0,6.0,8.0,0.0,8.0,8.0,8.0
B,3.0,6.0,5.0,5.0,5.0,6.0,9.0,6.0,6.0,8.0,7.0,7.0,5.0,9.0,7.0,8.0
Z,2.0,4.0,3.0,3.0,2.0,7.0,7.0,5.0,9.0,6.0,6.0,8.0,2.0,8.0,7.0,8.0
B,5.0,9.0,5.0,7.0,7.0,6.0,7.0,8.0,6.0,6.0,6.0,7.0,2.0,8.0,7.0,10.0
I,2.0,7.0,3.0,5.0,1.0,9.0,6.0,0.0,7.0,13.0,5.0,8.0,0.0,8.0,1.0,8.0
B,4.0,8.0,6.0,6.0,4.0,8.0,8.0,4.0,7.0,10.0,5.0,6.0,2.0,8.0,6.0,10.0
B,1.0,1.0,2.0,1.0,1.0,7.0,7.0,7.0,5.0,6.0,6.0,7.0,1.0,8.0,6.0,8.0
B,2.0,5.0,4.0,4.0,3.0,8.0,7.0,3.0,5.0,10.0,5.0,7.0,2.0,8.0,4.0,10.0
B,5.0,9.0,7.0,7.0,10.0,9.0,9.0,5.0,4.0,7.0,8.0,6.0,6.0,10.0,10.0,10.0
B,5.0,11.0,7.0,9.0,8.0,8.0,7.0,5.0,6.0,6.0,6.0,5.0,3.0,8.0,6.0,10.0
I,4.0,11.0,5.0,8.0,3.0,7.0,7.0,0.0,8.0,14.0,6.0,8.0,0.0,8.0,1.0,8.0
Z,5.0,8.0,7.0,6.0,6.0,9.0,7.0,5.0,4.0,7.0,5.0,7.0,4.0,8.0,10.0,5.0
I,1.0,2.0,1.0,3.0,1.0,7.0,7.0,1.0,8.0,7.0,6.0,8.0,0.0,8.0,3.0,8.0
I,1.0,1.0,1.0,1.0,0.0,7.0,7.0,2.0,6.0,7.0,6.0,8.0,0.0,8.0,2.0,8.0
Z,4.0,7.0,6.0,10.0,6.0,10.0,5.0,4.0,4.0,8.0,3.0,7.0,2.0,6.0,7.0,8.0
I,1.0,5.0,1.0,3.0,1.0,7.0,7.0,1.0,8.0,7.0,6.0,8.0,0.0,8.0,3.0,8.0
I,1.0,5.0,2.0,4.0,1.0,7.0,9.0,0.0,7.0,13.0,6.0,6.0,0.0,8.0,1.0,7.0
I,2.0,6.0,4.0,4.0,3.0,11.0,6.0,1.0,5.0,9.0,4.0,5.0,1.0,8.0,5.0,9.0
Z,3.0,8.0,4.0,6.0,2.0,7.0,7.0,4.0,13.0,9.0,6.0,8.0,0.0,8.0,8.0,8.0
Z,2.0,5.0,3.0,3.0,2.0,7.0,7.0,5.0,9.0,6.0,6.0,8.0,2.0,8.0,7.0,8.0
I,1.0,6.0,0.0,4.0,1.0,7.0,7.0,5.0,3.0,7.0,6.0,8.0,0.0,8.0,0.0,8.0
B,3.0,6.0,4.0,4.0,3.0,6.0,6.0,8.0,6.0,6.0,6.0,7.0,2.0,8.0,9.0,10.0
Z,3.0,7.0,4.0,5.0,2.0,7.0,7.0,3.0,12.0,8.0,6.0,8.0,0.0,8.0,7.0,7.0
I,5.0,9.0,6.0,6.0,4.0,5.0,7.0,3.0,7.0,7.0,6.0,12.0,0.0,8.0,4.0,9.0
B,1.0,0.0,2.0,0.0,1.0,7.0,7.0,6.0,4.0,6.0,6.0,7.0,1.0,8.0,6.0,8.0
Z,5.0,9.0,6.0,4.0,3.0,10.0,3.0,3.0,7.0,12.0,4.0,10.0,2.0,9.0,4.0,11.0
I,1.0,8.0,0.0,5.0,0.0,7.0,7.0,4.0,4.0,7.0,6.0,8.0,0.0,8.0,0.0,8.0
Z,7.0,11.0,7.0,6.0,4.0,8.0,6.0,2.0,8.0,11.0,6.0,9.0,3.0,9.0,5.0,8.0
I,1.0,2.0,1.0,4.0,1.0,7.0,7.0,1.0,7.0,7.0,6.0,9.0,0.0,8.0,3.0,8.0
Z,4.0,11.0,5.0,8.0,6.0,6.0,8.0,5.0,8.0,8.0,8.0,9.0,1.0,10.0,7.0,8.0
B,2.0,3.0,3.0,2.0,2.0,8.0,8.0,5.0,6.0,7.0,5.0,5.0,2.0,8.0,7.0,8.0
I,1.0,4.0,2.0,2.0,1.0,7.0,7.0,1.0,7.0,13.0,6.0,8.0,0.0,8.0,1.0,8.0
I,4.0,7.0,6.0,8.0,6.0,8.0,9.0,4.0,5.0,7.0,7.0,9.0,3.0,6.0,8.0,7.0
Z,4.0,10.0,5.0,7.0,4.0,7.0,8.0,6.0,11.0,7.0,6.0,9.0,1.0,9.0,8.0,7.0
Z,8.0,15.0,8.0,8.0,6.0,7.0,7.0,2.0,9.0,12.0,7.0,8.0,6.0,5.0,8.0,5.0
I,2.0,4.0,3.0,3.0,1.0,7.0,7.0,0.0,7.0,13.0,6.0,8.0,0.0,8.0,1.0,7.0
B,4.0,8.0,6.0,6.0,8.0,8.0,7.0,5.0,3.0,7.0,7.0,7.0,6.0,10.0,8.0,9.0
B,2.0,2.0,3.0,3.0,2.0,7.0,7.0,5.0,5.0,6.0,6.0,6.0,2.0,8.0,6.0,10.0
I,2.0,10.0,2.0,8.0,2.0,7.0,7.0,0.0,8.0,7.0,6.0,8.0,0.0,8.0,3.0,8.0
I,2.0,7.0,3.0,5.0,1.0,7.0,5.0,0.0,7.0,14.0,7.0,10.0,0.0,7.0,1.0,8.0
B,5.0,7.0,7.0,5.0,5.0,10.0,6.0,3.0,7.0,11.0,3.0,6.0,4.0,6.0,6.0,11.0
I,3.0,10.0,4.0,8.0,3.0,6.0,8.0,0.0,7.0,13.0,7.0,8.0,0.0,8.0,1.0,7.0
Z,3.0,10.0,4.0,8.0,5.0,8.0,7.0,5.0,9.0,7.0,5.0,7.0,1.0,7.0,7.0,8.0
Z,2.0,3.0,4.0,2.0,1.0,7.0,7.0,2.0,9.0,11.0,6.0,8.0,1.0,8.0,5.0,7.0
B,6.0,9.0,5.0,5.0,3.0,7.0,8.0,5.0,6.0,10.0,5.0,9.0,6.0,6.0,6.0,9.0
B,5.0,10.0,5.0,8.0,4.0,7.0,8.0,9.0,7.0,7.0,5.0,6.0,2.0,8.0,9.0,10.0
I,2.0,5.0,3.0,3.0,1.0,7.0,7.0,0.0,7.0,13.0,6.0,8.0,0.0,8.0,1.0,7.0
B,3.0,4.0,5.0,3.0,4.0,7.0,8.0,3.0,5.0,10.0,6.0,6.0,2.0,8.0,5.0,8.0
I,4.0,10.0,5.0,8.0,2.0,7.0,7.0,0.0,9.0,14.0,6.0,8.0,0.0,8.0,1.0,8.0
B,3.0,6.0,5.0,4.0,4.0,7.0,9.0,4.0,5.0,9.0,6.0,6.0,2.0,8.0,5.0,6.0
Z,2.0,5.0,4.0,6.0,4.0,9.0,6.0,5.0,4.0,7.0,3.0,6.0,2.0,7.0,7.0,6.0
Z,2.0,1.0,2.0,2.0,1.0,7.0,7.0,3.0,12.0,8.0,6.0,8.0,0.0,8.0,7.0,8.0
Z,4.0,5.0,6.0,7.0,5.0,11.0,5.0,3.0,5.0,9.0,3.0,7.0,2.0,7.0,6.0,9.0
I,3.0,8.0,4.0,6.0,2.0,7.0,7.0,0.0,7.0,13.0,6.0,8.0,0.0,8.0,1.0,8.0
Z,4.0,9.0,6.0,6.0,3.0,7.0,8.0,2.0,10.0,11.0,7.0,9.0,1.0,9.0,6.0,8.0
B,6.0,9.0,8.0,6.0,8.0,7.0,8.0,5.0,5.0,7.0,5.0,7.0,4.0,9.0,6.0,7.0
B,3.0,9.0,4.0,7.0,3.0,6.0,6.0,9.0,7.0,6.0,7.0,7.0,2.0,8.0,9.0,10.0
B,6.0,6.0,6.0,8.0,5.0,6.0,6.0,9.0,7.0,6.0,6.0,7.0,3.0,8.0,10.0,10.0
I,0.0,7.0,0.0,5.0,0.0,7.0,7.0,4.0,4.0,7.0,6.0,8.0,0.0,8.0,0.0,8.0
Z,4.0,5.0,6.0,7.0,5.0,10.0,5.0,3.0,5.0,7.0,3.0,6.0,3.0,7.0,6.0,7.0
Z,4.0,7.0,4.0,5.0,2.0,7.0,7.0,4.0,14.0,9.0,6.0,8.0,0.0,8.0,8.0,8.0
I,2.0,8.0,3.0,6.0,2.0,7.0,7.0,0.0,8.0,13.0,6.0,8.0,0.0,8.0,1.0,7.0
I,2.0,6.0,2.0,4.0,1.0,5.0,8.0,0.0,7.0,13.0,7.0,8.0,0.0,8.0,1.0,7.0
I,1.0,8.0,2.0,6.0,2.0,7.0,7.0,0.0,7.0,7.0,6.0,8.0,0.0,8.0,2.0,8.0
Z,6.0,7.0,5.0,10.0,4.0,8.0,5.0,5.0,4.0,11.0,6.0,7.0,3.0,9.0,10.0,7.0
I,1.0,6.0,0.0,4.0,1.0,7.0,7.0,5.0,3.0,7.0,6.0,8.0,0.0,8.0,0.0,8.0
Z,8.0,13.0,9.0,7.0,6.0,5.0,9.0,2.0,9.0,12.0,8.0,8.0,6.0,5.0,8.0,2.0
I,1.0,7.0,0.0,5.0,1.0,7.0,7.0,5.0,3.0,7.0,6.0,8.0,0.0,8.0,0.0,8.0
Z,4.0,6.0,6.0,4.0,3.0,6.0,9.0,3.0,9.0,11.0,9.0,6.0,1.0,9.0,6.0,5.0
I,3.0,6.0,5.0,7.0,4.0,8.0,8.0,4.0,5.0,7.0,6.0,8.0,3.0,8.0,8.0,8.0
B,3.0,7.0,4.0,5.0,4.0,6.0,7.0,8.0,5.0,7.0,6.0,7.0,2.0,8.0,7.0,9.0
Z,3.0,10.0,4.0,8.0,4.0,7.0,7.0,6.0,10.0,6.0,6.0,8.0,1.0,8.0,8.0,8.0
I,4.0,9.0,5.0,7.0,3.0,9.0,6.0,0.0,7.0,13.0,5.0,8.0,0.0,8.0,1.0,8.0
I,2.0,8.0,3.0,6.0,2.0,7.0,7.0,0.0,7.0,13.0,6.0,8.0,0.0,8.0,1.0,8.0
I,3.0,9.0,4.0,6.0,2.0,7.0,7.0,0.0,8.0,14.0,6.0,9.0,0.0,8.0,1.0,8.0
I,1.0,10.0,0.0,7.0,0.0,7.0,7.0,4.0,4.0,7.0,6.0,8.0,0.0,8.0,0.0,8.0
I,2.0,6.0,3.0,4.0,2.0,7.0,7.0,0.0,6.0,13.0,6.0,8.0,0.0,8.0,1.0,8.0
B,1.0,3.0,3.0,2.0,2.0,7.0,8.0,2.0,4.0,10.0,6.0,6.0,2.0,8.0,4.0,8.0
B,4.0,7.0,6.0,5.0,4.0,9.0,7.0,3.0,7.0,10.0,4.0,7.0,2.0,8.0,5.0,11.0
B,3.0,8.0,5.0,6.0,5.0,8.0,8.0,5.0,4.0,7.0,5.0,5.0,3.0,8.0,6.0,5.0
Z,7.0,11.0,9.0,8.0,6.0,6.0,9.0,3.0,10.0,12.0,8.0,6.0,1.0,8.0,6.0,6.0
B,1.0,0.0,2.0,0.0,1.0,7.0,8.0,6.0,4.0,7.0,6.0,7.0,1.0,8.0,6.0,8.0
B,5.0,10.0,7.0,8.0,6.0,10.0,6.0,3.0,6.0,10.0,4.0,7.0,3.0,7.0,5.0,11.0
I,0.0,0.0,0.0,0.0,0.0,7.0,7.0,4.0,4.0,7.0,6.0,8.0,0.0,8.0,0.0,8.0
Z,4.0,7.0,6.0,5.0,4.0,7.0,9.0,2.0,9.0,11.0,8.0,5.0,1.0,8.0,6.0,5.0
Z,1.0,0.0,1.0,1.0,0.0,7.0,7.0,2.0,9.0,9.0,6.0,8.0,0.0,8.0,6.0,8.0
B,3.0,3.0,4.0,4.0,3.0,6.0,6.0,8.0,7.0,6.0,6.0,7.0,2.0,8.0,9.0,10.0
Z,6.0,9.0,5.0,12.0,5.0,5.0,11.0,3.0,3.0,12.0,8.0,6.0,3.0,8.0,11.0,6.0
Z,3.0,8.0,4.0,6.0,4.0,9.0,6.0,5.0,9.0,7.0,5.0,6.0,1.0,7.0,7.0,8.0
I,1.0,4.0,2.0,3.0,1.0,7.0,7.0,0.0,7.0,13.0,6.0,8.0,0.0,8.0,1.0,8.0
B,3.0,7.0,4.0,5.0,4.0,8.0,7.0,6.0,6.0,7.0,6.0,5.0,2.0,8.0,7.0,9.0
I,0.0,8.0,0.0,5.0,0.0,7.0,7.0,4.0,4.0,7.0,6.0,8.0,0.0,8.0,0.0,8.0
B,2.0,7.0,3.0,5.0,4.0,6.0,7.0,7.0,5.0,7.0,6.0,7.0,2.0,8.0,6.0,9.0
I,4.0,8.0,5.0,6.0,3.0,8.0,9.0,1.0,7.0,7.0,6.0,7.0,0.0,7.0,4.0,7.0
Z,1.0,3.0,3.0,2.0,1.0,8.0,7.0,2.0,9.0,11.0,6.0,9.0,1.0,8.0,5.0,7.0
Z,7.0,9.0,5.0,13.0,5.0,7.0,8.0,5.0,3.0,11.0,7.0,7.0,3.0,9.0,11.0,6.0
I,5.0,13.0,4.0,8.0,2.0,9.0,6.0,5.0,4.0,12.0,4.0,7.0,3.0,8.0,5.0,10.0
Z,1.0,3.0,2.0,2.0,1.0,8.0,7.0,5.0,8.0,6.0,6.0,7.0,1.0,8.0,7.0,8.0
Z,1.0,3.0,2.0,2.0,1.0,7.0,7.0,1.0,8.0,11.0,6.0,8.0,1.0,8.0,5.0,8.0
I,0.0,0.0,0.0,0.0,0.0,7.0,7.0,4.0,4.0,7.0,6.0,8.0,0.0,8.0,0.0,8.0
Z,4.0,5.0,5.0,8.0,2.0,7.0,7.0,4.0,14.0,9.0,6.0,8.0,0.0,8.0,8.0,8.0
Z,4.0,10.0,6.0,7.0,6.0,8.0,8.0,2.0,8.0,7.0,7.0,7.0,1.0,8.0,10.0,8.0
Z,3.0,8.0,4.0,6.0,3.0,7.0,8.0,3.0,12.0,8.0,6.0,8.0,0.0,8.0,7.0,7.0
I,5.0,9.0,4.0,4.0,2.0,7.0,10.0,2.0,5.0,13.0,5.0,4.0,1.0,9.0,5.0,8.0
I,2.0,6.0,3.0,4.0,2.0,7.0,8.0,0.0,7.0,13.0,6.0,8.0,0.0,8.0,1.0,8.0
Z,2.0,3.0,4.0,2.0,1.0,7.0,7.0,2.0,9.0,11.0,6.0,8.0,1.0,8.0,5.0,7.0
I,5.0,12.0,5.0,6.0,3.0,6.0,11.0,3.0,5.0,13.0,6.0,4.0,1.0,8.0,5.0,8.0
B,4.0,3.0,5.0,5.0,4.0,6.0,7.0,9.0,7.0,7.0,6.0,7.0,2.0,8.0,9.0,9.0
Z,5.0,11.0,7.0,8.0,4.0,7.0,7.0,2.0,11.0,11.0,6.0,8.0,1.0,8.0,6.0,7.0
B,2.0,1.0,3.0,2.0,2.0,8.0,7.0,5.0,5.0,7.0,6.0,5.0,2.0,8.0,6.0,9.0
Z,2.0,2.0,3.0,4.0,2.0,8.0,7.0,5.0,9.0,6.0,6.0,8.0,1.0,8.0,7.0,8.0
Z,4.0,9.0,5.0,7.0,4.0,7.0,7.0,3.0,12.0,9.0,6.0,8.0,0.0,8.0,8.0,8.0
B,5.0,6.0,6.0,8.0,5.0,6.0,6.0,9.0,8.0,6.0,7.0,7.0,3.0,8.0,10.0,10.0
B,5.0,9.0,7.0,7.0,5.0,9.0,7.0,4.0,6.0,10.0,5.0,6.0,2.0,8.0,6.0,10.0
I,1.0,4.0,2.0,2.0,1.0,7.0,7.0,1.0,7.0,13.0,6.0,8.0,0.0,8.0,1.0,8.0
Z,8.0,12.0,8.0,7.0,5.0,8.0,6.0,2.0,9.0,12.0,6.0,9.0,3.0,7.0,7.0,7.0
Z,4.0,8.0,5.0,6.0,4.0,8.0,6.0,2.0,9.0,11.0,5.0,9.0,2.0,8.0,6.0,9.0
B,3.0,7.0,4.0,5.0,4.0,6.0,6.0,8.0,6.0,6.0,7.0,7.0,2.0,9.0,7.0,9.0
Z,3.0,5.0,5.0,7.0,4.0,9.0,5.0,4.0,4.0,7.0,3.0,6.0,2.0,8.0,7.0,6.0
I,1.0,3.0,1.0,1.0,0.0,8.0,7.0,1.0,7.0,13.0,6.0,8.0,0.0,8.0,0.0,8.0
Z,10.0,10.0,7.0,14.0,6.0,7.0,8.0,4.0,2.0,11.0,7.0,7.0,3.0,8.0,13.0,5.0
B,4.0,10.0,4.0,8.0,4.0,6.0,7.0,9.0,6.0,7.0,6.0,7.0,2.0,8.0,9.0,10.0
Z,3.0,5.0,4.0,4.0,3.0,7.0,7.0,5.0,9.0,6.0,6.0,8.0,1.0,8.0,7.0,8.0
I,3.0,8.0,4.0,6.0,2.0,6.0,9.0,0.0,7.0,13.0,7.0,7.0,0.0,8.0,1.0,7.0
B,4.0,8.0,6.0,6.0,5.0,10.0,6.0,2.0,6.0,10.0,3.0,7.0,4.0,8.0,5.0,11.0
I,1.0,6.0,2.0,4.0,1.0,7.0,7.0,1.0,8.0,7.0,6.0,8.0,0.0,8.0,3.0,8.0
B,3.0,5.0,4.0,4.0,3.0,8.0,7.0,6.0,6.0,6.0,6.0,5.0,2.0,8.0,7.0,8.0
Z,4.0,9.0,5.0,7.0,5.0,8.0,8.0,3.0,8.0,7.0,7.0,7.0,1.0,8.0,11.0,7.0
Z,2.0,5.0,4.0,3.0,2.0,8.0,7.0,2.0,9.0,11.0,6.0,8.0,1.0,7.0,6.0,7.0
Z,1.0,3.0,3.0,2.0,1.0,8.0,7.0,1.0,9.0,11.0,6.0,8.0,1.0,8.0,5.0,7.0
Z,4.0,8.0,5.0,6.0,5.0,9.0,6.0,5.0,9.0,7.0,5.0,7.0,1.0,7.0,7.0,8.0
I,1.0,4.0,1.0,3.0,1.0,7.0,7.0,1.0,7.0,7.0,6.0,8.0,0.0,8.0,2.0,8.0
Z,6.0,7.0,5.0,10.0,4.0,8.0,5.0,5.0,5.0,11.0,6.0,7.0,3.0,9.0,9.0,8.0
Z,3.0,3.0,4.0,4.0,3.0,7.0,7.0,5.0,10.0,6.0,6.0,8.0,2.0,8.0,7.0,8.0
I,5.0,7.0,6.0,8.0,6.0,8.0,10.0,4.0,5.0,6.0,7.0,9.0,3.0,6.0,8.0,6.0
I,2.0,2.0,1.0,3.0,1.0,7.0,7.0,1.0,8.0,7.0,6.0,8.0,0.0,8.0,3.0,8.0
Z,2.0,4.0,4.0,3.0,2.0,7.0,8.0,2.0,9.0,12.0,6.0,8.0,1.0,8.0,5.0,7.0
I,1.0,5.0,0.0,7.0,0.0,7.0,7.0,4.0,4.0,7.0,6.0,8.0,0.0,8.0,0.0,8.0
I,2.0,9.0,3.0,7.0,2.0,9.0,7.0,0.0,7.0,13.0,5.0,8.0,0.0,8.0,1.0,8.0
I,1.0,3.0,1.0,2.0,0.0,7.0,7.0,1.0,8.0,7.0,6.0,8.0,0.0,8.0,3.0,8.0
I,1.0,5.0,2.0,3.0,1.0,7.0,7.0,0.0,7.0,13.0,6.0,8.0,0.0,8.0,1.0,8.0
B,5.0,9.0,7.0,7.0,6.0,9.0,7.0,3.0,7.0,10.0,4.0,6.0,2.0,8.0,5.0,10.0
I,0.0,7.0,0.0,4.0,0.0,7.0,7.0,4.0,4.0,7.0,6.0,8.0,0.0,8.0,0.0,8.0
B,7.0,11.0,10.0,8.0,7.0,11.0,6.0,3.0,8.0,11.0,3.0,7.0,3.0,8.0,5.0,12.0
I,3.0,8.0,4.0,6.0,2.0,7.0,7.0,0.0,7.0,13.0,6.0,8.0,0.0,8.0,1.0,7.0
I,2.0,9.0,2.0,6.0,2.0,7.0,7.0,0.0,8.0,7.0,6.0,8.0,0.0,8.0,3.0,8.0
B,3.0,5.0,5.0,4.0,5.0,7.0,8.0,4.0,4.0,7.0,6.0,8.0,6.0,9.0,7.0,8.0
I,0.0,0.0,0.0,0.0,0.0,7.0,7.0,4.0,4.0,7.0,6.0,8.0,0.0,8.0,0.0,8.0
I,0.0,0.0,0.0,0.0,0.0,7.0,7.0,4.0,4.0,7.0,6.0,8.0,0.0,8.0,0.0,8.0
I,0.0,6.0,0.0,4.0,0.0,7.0,7.0,5.0,3.0,7.0,6.0,8.0,0.0,8.0,0.0,8.0
I,4.0,10.0,6.0,8.0,7.0,8.0,9.0,3.0,5.0,9.0,5.0,4.0,6.0,9.0,7.0,2.0
I,0.0,0.0,0.0,0.0,0.0,7.0,7.0,4.0,4.0,7.0,6.0,8.0,0.0,8.0,0.0,8.0
B,4.0,6.0,6.0,4.0,3.0,10.0,7.0,3.0,8.0,11.0,3.0,6.0,2.0,8.0,5.0,10.0
I,0.0,7.0,0.0,4.0,0.0,7.0,7.0,4.0,4.0,7.0,6.0,8.0,0.0,8.0,0.0,8.0
B,2.0,5.0,3.0,4.0,3.0,7.0,7.0,5.0,5.0,6.0,6.0,6.0,2.0,8.0,5.0,9.0
Z,1.0,3.0,2.0,2.0,1.0,7.0,7.0,1.0,8.0,11.0,6.0,9.0,1.0,9.0,5.0,8.0
Z,9.0,10.0,6.0,14.0,6.0,6.0,9.0,5.0,2.0,12.0,8.0,7.0,3.0,8.0,12.0,5.0
B,3.0,7.0,4.0,5.0,4.0,8.0,8.0,6.0,6.0,7.0,5.0,6.0,2.0,8.0,6.0,9.0
B,1.0,3.0,3.0,2.0,2.0,9.0,6.0,3.0,5.0,10.0,5.0,7.0,2.0,8.0,4.0,9.0
I,3.0,7.0,4.0,5.0,2.0,6.0,8.0,0.0,7.0,13.0,7.0,8.0,0.0,8.0,1.0,7.0
Z,2.0,4.0,3.0,2.0,2.0,7.0,7.0,5.0,9.0,6.0,6.0,8.0,2.0,8.0,7.0,8.0
Z,2.0,3.0,4.0,2.0,1.0,7.0,7.0,2.0,9.0,12.0,6.0,9.0,1.0,9.0,5.0,7.0
Z,5.0,7.0,4.0,11.0,4.0,7.0,8.0,4.0,2.0,12.0,7.0,7.0,3.0,9.0,11.0,5.0
B,4.0,8.0,5.0,6.0,5.0,10.0,7.0,3.0,6.0,10.0,4.0,6.0,2.0,8.0,4.0,10.0
I,7.0,13.0,6.0,8.0,3.0,10.0,7.0,2.0,5.0,11.0,5.0,6.0,2.0,10.0,5.0,11.0
B,2.0,1.0,2.0,2.0,2.0,7.0,7.0,4.0,4.0,6.0,6.0,6.0,2.0,8.0,4.0,10.0
Z,1.0,0.0,2.0,1.0,0.0,7.0,7.0,2.0,10.0,8.0,6.0,8.0,0.0,8.0,6.0,8.0
Z,3.0,5.0,6.0,4.0,3.0,7.0,7.0,2.0,10.0,12.0,6.0,8.0,1.0,8.0,6.0,8.0
B,5.0,9.0,6.0,7.0,6.0,8.0,8.0,6.0,7.0,7.0,6.0,6.0,6.0,8.0,7.0,11.0
I,1.0,2.0,1.0,3.0,1.0,7.0,7.0,1.0,7.0,7.0,6.0,8.0,0.0,8.0,2.0,8.0
Z,2.0,4.0,5.0,3.0,2.0,8.0,7.0,2.0,9.0,12.0,6.0,8.0,1.0,8.0,5.0,8.0
B,2.0,5.0,4.0,4.0,3.0,9.0,7.0,2.0,6.0,11.0,5.0,7.0,4.0,7.0,5.0,9.0
I,5.0,12.0,5.0,6.0,3.0,9.0,8.0,2.0,5.0,12.0,4.0,5.0,2.0,10.0,5.0,11.0
Z,4.0,6.0,5.0,4.0,3.0,7.0,7.0,2.0,9.0,11.0,6.0,8.0,1.0,9.0,6.0,8.0
I,1.0,10.0,0.0,7.0,0.0,7.0,7.0,4.0,4.0,7.0,6.0,8.0,0.0,8.0,0.0,8.0
I,3.0,10.0,6.0,8.0,6.0,9.0,6.0,2.0,4.0,8.0,5.0,5.0,5.0,8.0,5.0,6.0
B,3.0,5.0,5.0,4.0,3.0,9.0,7.0,2.0,6.0,11.0,5.0,7.0,2.0,8.0,4.0,10.0
B,5.0,11.0,5.0,6.0,5.0,8.0,7.0,3.0,4.0,9.0,6.0,7.0,6.0,7.0,8.0,7.0
B,4.0,10.0,6.0,8.0,7.0,8.0,8.0,4.0,5.0,10.0,5.0,6.0,3.0,8.0,5.0,10.0
Z,2.0,3.0,2.0,1.0,1.0,8.0,7.0,5.0,8.0,6.0,6.0,7.0,1.0,8.0,6.0,8.0
I,3.0,9.0,5.0,6.0,3.0,7.0,7.0,0.0,7.0,13.0,6.0,9.0,0.0,8.0,1.0,8.0
I,1.0,6.0,2.0,4.0,2.0,7.0,7.0,1.0,8.0,7.0,6.0,9.0,0.0,8.0,3.0,8.0
I,2.0,8.0,3.0,6.0,1.0,7.0,7.0,0.0,7.0,13.0,6.0,8.0,0.0,8.0,1.0,8.0
Z,4.0,6.0,5.0,4.0,3.0,6.0,9.0,3.0,9.0,11.0,8.0,6.0,1.0,8.0,6.0,6.0
B,4.0,8.0,5.0,6.0,5.0,7.0,6.0,5.0,4.0,6.0,5.0,7.0,4.0,9.0,6.0,7.0
B,2.0,3.0,3.0,1.0,2.0,7.0,8.0,5.0,5.0,7.0,6.0,6.0,1.0,8.0,5.0,9.0
B,5.0,8.0,6.0,6.0,6.0,8.0,8.0,7.0,6.0,7.0,6.0,5.0,3.0,7.0,7.0,9.0
Z,2.0,2.0,3.0,3.0,2.0,8.0,7.0,5.0,9.0,6.0,6.0,7.0,2.0,8.0,7.0,8.0
B,4.0,8.0,5.0,6.0,4.0,6.0,7.0,9.0,7.0,7.0,6.0,7.0,2.0,8.0,9.0,9.0
B,3.0,2.0,4.0,3.0,3.0,8.0,7.0,5.0,6.0,7.0,6.0,6.0,2.0,8.0,6.0,10.0
Z,5.0,11.0,7.0,8.0,4.0,9.0,6.0,3.0,10.0,12.0,4.0,8.0,1.0,7.0,6.0,9.0
B,11.0,13.0,8.0,7.0,5.0,7.0,8.0,5.0,7.0,10.0,5.0,8.0,6.0,6.0,8.0,11.0
B,3.0,7.0,3.0,5.0,4.0,6.0,6.0,8.0,5.0,6.0,7.0,7.0,2.0,9.0,7.0,10.0
B,9.0,12.0,8.0,7.0,7.0,10.0,7.0,4.0,6.0,10.0,3.0,6.0,7.0,4.0,8.0,8.0
I,1.0,6.0,0.0,4.0,0.0,7.0,7.0,5.0,3.0,7.0,6.0,8.0,0.0,8.0,0.0,8.0
B,6.0,9.0,8.0,6.0,7.0,9.0,8.0,3.0,6.0,10.0,5.0,5.0,3.0,7.0,5.0,9.0
Z,2.0,6.0,3.0,4.0,2.0,7.0,7.0,3.0,12.0,8.0,6.0,8.0,0.0,8.0,7.0,8.0
B,1.0,0.0,1.0,0.0,0.0,7.0,7.0,6.0,4.0,7.0,6.0,7.0,1.0,8.0,5.0,9.0
B,8.0,12.0,6.0,6.0,4.0,8.0,6.0,5.0,5.0,11.0,5.0,9.0,6.0,6.0,7.0,11.0
I,2.0,10.0,2.0,8.0,3.0,7.0,7.0,0.0,8.0,7.0,6.0,8.0,0.0,8.0,3.0,8.0
Z,3.0,8.0,4.0,6.0,3.0,7.0,8.0,3.0,11.0,8.0,6.0,8.0,0.0,8.0,7.0,7.0
I,0.0,1.0,0.0,1.0,0.0,7.0,7.0,4.0,4.0,7.0,6.0,8.0,0.0,8.0,0.0,8.0
Z,4.0,5.0,6.0,7.0,4.0,11.0,4.0,4.0,4.0,10.0,3.0,9.0,2.0,7.0,5.0,10.0
B,4.0,10.0,4.0,8.0,6.0,7.0,6.0,9.0,6.0,6.0,7.0,7.0,2.0,9.0,8.0,10.0
B,4.0,9.0,4.0,7.0,4.0,7.0,7.0,10.0,7.0,7.0,6.0,7.0,2.0,8.0,9.0,9.0
Z,4.0,8.0,5.0,6.0,4.0,7.0,8.0,2.0,9.0,11.0,7.0,8.0,1.0,9.0,6.0,7.0
B,2.0,0.0,2.0,1.0,1.0,7.0,7.0,7.0,5.0,7.0,6.0,7.0,1.0,8.0,7.0,8.0
I,1.0,1.0,1.0,3.0,1.0,7.0,7.0,1.0,7.0,7.0,6.0,8.0,0.0,8.0,2.0,8.0
Z,3.0,7.0,4.0,5.0,4.0,6.0,6.0,3.0,7.0,7.0,6.0,10.0,1.0,7.0,10.0,7.0
B,4.0,8.0,6.0,6.0,6.0,8.0,7.0,4.0,5.0,7.0,6.0,7.0,4.0,8.0,6.0,9.0
Z,4.0,8.0,6.0,6.0,4.0,8.0,7.0,2.0,9.0,12.0,6.0,7.0,1.0,7.0,6.0,8.0
Z,3.0,10.0,4.0,7.0,3.0,7.0,8.0,3.0,11.0,9.0,6.0,8.0,0.0,8.0,7.0,8.0
I,3.0,9.0,5.0,6.0,5.0,9.0,5.0,3.0,5.0,7.0,6.0,5.0,6.0,6.0,5.0,6.0
B,4.0,8.0,5.0,6.0,6.0,8.0,7.0,7.0,6.0,7.0,6.0,5.0,2.0,8.0,7.0,9.0
Z,1.0,0.0,1.0,0.0,0.0,8.0,7.0,2.0,9.0,8.0,6.0,8.0,0.0,8.0,5.0,8.0
B,5.0,11.0,7.0,8.0,8.0,7.0,8.0,6.0,4.0,6.0,4.0,6.0,5.0,7.0,7.0,7.0
Z,4.0,6.0,6.0,4.0,3.0,8.0,6.0,2.0,9.0,11.0,5.0,9.0,1.0,8.0,5.0,9.0
B,2.0,3.0,3.0,2.0,2.0,8.0,7.0,2.0,5.0,10.0,5.0,6.0,2.0,8.0,4.0,9.0
I,3.0,9.0,4.0,6.0,3.0,7.0,7.0,0.0,7.0,13.0,6.0,8.0,0.0,8.0,1.0,8.0
I,4.0,9.0,5.0,7.0,3.0,7.0,8.0,2.0,8.0,7.0,6.0,8.0,0.0,7.0,4.0,8.0
I,1.0,10.0,0.0,7.0,0.0,7.0,7.0,4.0,4.0,7.0,6.0,8.0,0.0,8.0,0.0,8.0
I,4.0,7.0,6.0,8.0,6.0,8.0,8.0,5.0,6.0,7.0,5.0,8.0,3.0,9.0,8.0,9.0
I,0.0,0.0,0.0,1.0,0.0,7.0,7.0,4.0,4.0,7.0,6.0,8.0,0.0,8.0,0.0,8.0
I,1.0,3.0,2.0,2.0,1.0,7.0,7.0,1.0,7.0,13.0,6.0,8.0,0.0,8.0,1.0,8.0
Z,4.0,5.0,6.0,7.0,4.0,11.0,4.0,4.0,5.0,10.0,3.0,9.0,2.0,7.0,6.0,10.0
Z,1.0,1.0,2.0,2.0,0.0,7.0,7.0,2.0,11.0,9.0,6.0,8.0,0.0,8.0,6.0,8.0
Z,3.0,5.0,5.0,4.0,3.0,7.0,8.0,2.0,9.0,12.0,6.0,8.0,1.0,8.0,5.0,7.0
I,6.0,8.0,7.0,6.0,4.0,5.0,6.0,3.0,7.0,7.0,6.0,12.0,0.0,9.0,4.0,8.0
Z,5.0,10.0,5.0,5.0,3.0,5.0,8.0,2.0,9.0,11.0,8.0,8.0,3.0,6.0,6.0,5.0
Z,4.0,10.0,6.0,8.0,4.0,6.0,9.0,2.0,9.0,11.0,8.0,7.0,2.0,10.0,7.0,6.0
B,2.0,3.0,4.0,2.0,2.0,9.0,7.0,2.0,5.0,11.0,5.0,7.0,2.0,8.0,4.0,9.0
Z,4.0,7.0,6.0,9.0,4.0,11.0,4.0,2.0,6.0,9.0,2.0,6.0,1.0,8.0,6.0,9.0
Z,2.0,4.0,4.0,3.0,1.0,8.0,6.0,2.0,10.0,11.0,5.0,9.0,1.0,8.0,6.0,9.0
Z,4.0,4.0,4.0,6.0,2.0,7.0,7.0,4.0,14.0,9.0,6.0,8.0,0.0,8.0,8.0,8.0
B,3.0,7.0,4.0,5.0,4.0,9.0,7.0,3.0,5.0,7.0,6.0,7.0,3.0,9.0,4.0,8.0
B,1.0,3.0,2.0,2.0,1.0,8.0,7.0,3.0,5.0,10.0,5.0,7.0,2.0,8.0,4.0,9.0
Z,2.0,1.0,2.0,1.0,1.0,7.0,7.0,3.0,11.0,8.0,6.0,8.0,0.0,8.0,6.0,8.0
I,2.0,7.0,3.0,5.0,1.0,6.0,8.0,1.0,8.0,14.0,7.0,7.0,0.0,8.0,1.0,7.0
B,4.0,3.0,4.0,5.0,3.0,6.0,9.0,8.0,7.0,7.0,5.0,6.0,2.0,8.0,9.0,9.0
I,4.0,11.0,3.0,6.0,2.0,10.0,5.0,4.0,4.0,12.0,3.0,7.0,3.0,8.0,5.0,10.0
I,1.0,5.0,0.0,8.0,0.0,7.0,7.0,4.0,4.0,7.0,6.0,8.0,0.0,8.0,0.0,8.0
Z,4.0,11.0,6.0,8.0,4.0,6.0,9.0,3.0,10.0,11.0,9.0,6.0,1.0,9.0,6.0,6.0
Z,6.0,10.0,9.0,8.0,7.0,9.0,9.0,5.0,4.0,7.0,5.0,7.0,3.0,9.0,10.0,5.0
B,5.0,10.0,8.0,8.0,6.0,9.0,7.0,3.0,7.0,10.0,4.0,6.0,2.0,8.0,6.0,11.0
Z,4.0,8.0,5.0,6.0,2.0,7.0,7.0,4.0,15.0,9.0,6.0,8.0,0.0,8.0,8.0,8.0
Z,5.0,8.0,7.0,6.0,4.0,8.0,7.0,2.0,9.0,12.0,5.0,8.0,2.0,8.0,6.0,8.0
B,3.0,6.0,4.0,4.0,4.0,7.0,7.0,4.0,6.0,7.0,6.0,6.0,2.0,8.0,5.0,10.0
Z,4.0,7.0,6.0,5.0,4.0,6.0,9.0,2.0,9.0,11.0,8.0,6.0,1.0,8.0,6.0,6.0
Z,5.0,6.0,4.0,9.0,4.0,6.0,11.0,3.0,3.0,12.0,7.0,6.0,2.0,7.0,9.0,3.0
Z,2.0,0.0,2.0,1.0,1.0,7.0,7.0,3.0,11.0,8.0,6.0,8.0,0.0,8.0,7.0,8.0
B,6.0,11.0,6.0,8.0,7.0,7.0,8.0,9.0,6.0,6.0,5.0,7.0,2.0,8.0,8.0,9.0
B,3.0,1.0,3.0,2.0,3.0,7.0,7.0,5.0,6.0,7.0,6.0,6.0,4.0,8.0,5.0,10.0
I,1.0,5.0,1.0,4.0,1.0,7.0,7.0,1.0,8.0,7.0,6.0,8.0,0.0,8.0,3.0,8.0
I,2.0,7.0,4.0,5.0,4.0,10.0,6.0,2.0,5.0,8.0,5.0,5.0,3.0,8.0,5.0,6.0
Z,4.0,6.0,6.0,4.0,4.0,9.0,11.0,6.0,5.0,6.0,5.0,9.0,3.0,8.0,9.0,6.0
B,8.0,15.0,8.0,8.0,8.0,7.0,8.0,5.0,5.0,9.0,7.0,8.0,8.0,5.0,10.0,7.0
I,6.0,12.0,4.0,6.0,2.0,11.0,3.0,4.0,6.0,11.0,2.0,7.0,3.0,8.0,3.0,12.0
I,4.0,12.0,3.0,6.0,2.0,11.0,5.0,4.0,4.0,12.0,3.0,7.0,3.0,8.0,5.0,10.0
B,4.0,9.0,4.0,7.0,6.0,6.0,8.0,8.0,5.0,7.0,5.0,7.0,2.0,8.0,7.0,9.0
B,6.0,10.0,8.0,8.0,7.0,7.0,7.0,6.0,6.0,9.0,7.0,6.0,3.0,8.0,8.0,9.0
Z,2.0,1.0,2.0,1.0,1.0,8.0,7.0,5.0,9.0,6.0,6.0,8.0,1.0,8.0,6.0,8.0
I,3.0,9.0,5.0,6.0,6.0,10.0,6.0,2.0,5.0,8.0,5.0,5.0,3.0,8.0,5.0,7.0
B,2.0,5.0,4.0,3.0,3.0,8.0,8.0,3.0,5.0,10.0,5.0,6.0,3.0,7.0,5.0,9.0
B,6.0,9.0,8.0,6.0,7.0,10.0,6.0,3.0,6.0,10.0,3.0,7.0,4.0,7.0,5.0,12.0
Z,3.0,9.0,4.0,7.0,2.0,7.0,7.0,4.0,14.0,10.0,6.0,8.0,0.0,8.0,8.0,8.0
I,1.0,3.0,1.0,2.0,1.0,7.0,7.0,1.0,7.0,7.0,6.0,8.0,0.0,8.0,2.0,8.0
B,4.0,4.0,5.0,7.0,4.0,6.0,6.0,9.0,7.0,6.0,6.0,7.0,2.0,8.0,9.0,10.0
I,2.0,5.0,0.0,7.0,0.0,7.0,7.0,4.0,4.0,7.0,6.0,8.0,0.0,8.0,0.0,8.0
Z,5.0,10.0,6.0,8.0,3.0,7.0,7.0,4.0,15.0,9.0,6.0,8.0,0.0,8.0,8.0,8.0
I,1.0,5.0,1.0,4.0,1.0,8.0,7.0,1.0,7.0,7.0,6.0,7.0,0.0,8.0,3.0,7.0
Z,2.0,5.0,3.0,4.0,2.0,7.0,7.0,5.0,9.0,6.0,6.0,8.0,1.0,8.0,7.0,8.0
I,5.0,12.0,5.0,6.0,3.0,6.0,11.0,3.0,5.0,13.0,6.0,4.0,1.0,8.0,5.0,8.0
B,4.0,8.0,6.0,6.0,5.0,7.0,8.0,6.0,6.0,10.0,6.0,6.0,3.0,8.0,7.0,8.0
